﻿<?xml version="1.0" encoding="UTF-8" standalone="yes"?>
<addon id="plugin.video.sledujuserialy.cz"
       name="sledujuserialy.cz"
       version="1.0.1"
       provider-name="Libor Zoubek">
  <requires>
    <import addon="xbmc.python" version="1.0"/>
    <import addon="script.module.stream.resolver" version="1.3.12" />
  </requires>
  <extension point="xbmc.python.pluginsource"
             provides="video"
             library="default.py">
    <provides>video</provides>
  </extension>
  <extension point="xbmc.addon.metadata">
    <summary lang="en">sledujuserialy.cz</summary>
    <summary lang="cs">sledujuserialy.cz</summary>
    <description lang="en">Watch online series from sledujuserialy.cz</description>
    <description lang="cs">Sledujte online seriály ze servru sledujuserialy.cz</description>
    <platform>all</platform>
  </extension>
</addon>
