<?xml version="1.0" encoding="UTF-8" standalone="yes"?>
<addon id="plugin.video.tv.sosac.ph"
       name="TV Sosáč"
       version="1.0.0"
       provider-name="Libor Zoubek">
  <requires>
    <import addon="xbmc.python" version="2.0" />
    <import addon="script.module.stream.resolver" version="1.6.7" />
  </requires>
  <extension point="xbmc.python.pluginsource"
             provides="video"
             library="default.py">
    <provides>video</provides>
  </extension>
  <extension point="xbmc.addon.metadata">
    <summary lang="en">tv.sosac.ph</summary>
    <summary lang="cs">tv.sosac.ph</summary>
    <description lang="en">Watch online series tv.sosac.ph</description>
    <description lang="cs">Sledujte online seriály z tv.sosac.ph</description>
    <platform>all</platform>
  </extension>
</addon>
