﻿<?xml version="1.0" encoding="UTF-8" standalone="yes"?>
<addon id="plugin.video.bezvadata.cz"
       name="bezvadata.cz"
       version="1.0.4"
       provider-name="Libor Zoubek">
  <requires>
    <import addon="xbmc.python" version="1.0"/>
    <import addon="script.module.stream.resolver" version="1.4.1" />
  </requires>
  <extension point="xbmc.python.pluginsource"
             provides="video"
             library="default.py">
    <provides>video</provides>
  </extension>
  <extension point="xbmc.addon.metadata">
    <summary lang="en">movie-library.cz</summary>
    <summary lang="cs">movie-library.cz</summary>
    <description lang="en">Watch online content from bezvadata.cz</description>
    <description lang="cs">Sledujte nebo stahujte obsah ze servru bezvadata.cz. Stahování nebo přehrávání bez omezení rychlosti</description>
    <platform>all</platform>
  </extension>
</addon>
