<?xml version="1.0" encoding="UTF-8" standalone="yes"?>
<addon id="plugin.video.najfilmy.com"
       name="NajfilmySK"
       version="1.0.1"
       provider-name="Ivo Brhel">
  <requires>
    <import addon="xbmc.python" version="1.0"/>
    <import addon="script.module.stream.resolver" version="1.4.1" />
  </requires>
  <extension point="xbmc.python.pluginsource"
             provides="video"
             library="default.py">
    <provides>video</provides>
  </extension>
  <extension point="xbmc.addon.metadata">
    <summary lang="en">naj-filmy.cz</summary>
    <summary lang="cs">naj-filmy.cz</summary>
    <description lang="en">Watch online www.naj-filmy.com</description>
    <description lang="cs">Sledujte online www.naj-filmy.com</description>
    <platform>all</platform>
  </extension>
</addon>
