<?xml version='1.0' encoding='utf-8'?>
<addon id="plugin.video.tv.sosac.ph" name="TV Sosáč" provider-name="Libor Zoubek" version="1.0.5">
  <requires>
    <import addon="xbmc.python" version="2.1.0" />
    <import addon="script.module.stream.resolver" version="1.6.21" />
  </requires>
  <extension library="default.py" point="xbmc.python.pluginsource" provides="video">
    <provides>video</provides>
  </extension>
  <extension point="xbmc.addon.metadata">
    <summary lang="en">tv.sosac.ph</summary>
    <summary lang="cs">tv.sosac.ph</summary>
    <description lang="en">Watch online series tv.sosac.ph</description>
    <description lang="cs">Sledujte online seriály z tv.sosac.ph</description>
    <platform>all</platform>
  </extension>
</addon>
