<?xml version="1.0" encoding="UTF-8" standalone="yes"?>
<addon id="script.usage.tracker"
       name="Usage Tracker"
       version="0.9.3"
       provider-name="Libor Zoubek">
  <requires>
    <import addon="xbmc.python" version="1.0"/>
  </requires>
  <extension point="xbmc.python.script"
             library="default.py" />
  <extension point="xbmc.addon.metadata">
    <summary>module for plugin usage tracking, currently supports google analytics</summary>
    <description>module for plugin usage tracking, currently supports google analytics</description>
    <license>GNU GPL</license>
    <platform>all</platform>
  </extension>
</addon>
