<window>	
	<defaultcontrol>1001</defaultcontrol>
	<coordinates>
		<system>0</system>
		<posx>0</posx>
		<posy>0</posy>
	</coordinates>
	<animation effect="fade" time="250">WindowOpen</animation>
	<animation effect="fade" time="250">WindowClose</animation>
	<controls>
		<control type="image">
			<posx>0</posx>
			<posy>0</posy>
			<width>1280</width>
			<height>720</height>
			<texture>fanart.jpg</texture>
		</control>
		<control type="button" id="1000">
			<posx>1100</posx>
			<posy>30</posy>
			<width>150</width>
			<height>40</height>
			<align>center</align>
			<onleft>1002</onleft>
			<ondown>1003</ondown>
			<texturenofocus>button-nofocus.png</texturenofocus>
			<texturefocus>button-focus.png</texturefocus>
			<label>5</label>
		</control>
        	<control type="label">
			<description>textarea</description>
			<posx>35</posx>
			<posy>50</posy>
			<width>1000</width>
			<height>30</height>
			<align>left</align>
			<textcolor>white</textcolor>       
			<label>SCRIPT203</label>
		</control>
		<control type="group">
			<posx>30</posx>
			<posy>100</posy>
			<width>550</width>
			<height>650</height>
			<control type="image">
				<posx>-20</posx>
				<posy>-20</posy>
				<width>600</width>
				<height>630</height>
				<texture border="10">ContentPanel.png</texture>
			</control>
			<control type="list" id="1001">
				<posx>0</posx>
				<posy>0</posy>
				<width>550</width>
				<height>600</height>
				<onright>1002</onright>
				<onup>1001</onup>
				<viewtype>list</viewtype>
				<pagecontrol>1002</pagecontrol>
				<scrolltime>200</scrolltime>
				<itemlayout height="32">
					  <control type="image">
						<posx>0</posx>
						<posy>0</posy>
						<width>550</width>
						<height>32</height>
						<texture>MenuItemNF.png</texture>
			 		 </control>
					<control type="image">
						<posx>500</posx>
						<posy>0</posy>
						<width>32</width>
						<height>32</height>
						<texture>OverlayWatched.png</texture>
						<visible>ListItem.Property(isenabled)</visible>
					</control>
					<control type="image">
						<posx>500</posx>
						<posy>0</posy>
						<width>32</width>
						<height>32</height>
						<texture>DefaultAddonNone.png</texture>
						<visible>!ListItem.Property(isenabled)</visible>
					</control>
					  <control type="image">
					<posx>0</posx>
					<posy>0</posy>
					<width>32</width>
					<height>32</height>
					<info>ListItem.Icon</info>
					</control>
			  			  <control type="label">
				<posx>40</posx>
				<posy>0</posy>
				<width>550</width>
				<height>32</height>
				<aligny>center</aligny>
				<textcolor>white</textcolor>
				<selectedcolor>green</selectedcolor>
				<align>left</align>
				<info>ListItem.Label</info>
			  </control>
					  <control type="image">
						<posx>0</posx>
						<posy>0</posy>
						<width>550</width>
						<height>32</height>
						<texture>MenuItemNF.png</texture>
			 		 </control>
			</itemlayout>
			<focusedlayout height="32">
				<control type="image">
					<posx>500</posx>
					<posy>0</posy>
					<width>32</width>
					<height>32</height>
					<texture>OverlayWatched.png</texture>
					<visible>ListItem.Property(isenabled)</visible>
				</control>
				<control type="image">
					<posx>500</posx>
					<posy>0</posy>
					<width>32</width>
					<height>32</height>
					<texture>DefaultAddonNone.png</texture>
					<visible>!ListItem.Property(isenabled)</visible>
				</control>
			  <control type="image">
				<posx>0</posx>
				<posy>0</posy>
				<width>550</width>
				<height>32</height>
				<texture>MenuItemFO.png</texture>
				<visible>Control.HasFocus(1001)</visible>
			  </control>
			  <control type="image">
				<posx>0</posx>
				<posy>0</posy>
				<width>32</width>
				<height>32</height>
				<info>ListItem.Icon</info>
			  </control>
			  <control type="label">
				<posx>40</posx>
				<posy>0</posy>
				<width>550</width>
				<height>32</height>
				<aligny>center</aligny>
				<textcolor>white</textcolor>
				<selectedcolor>green</selectedcolor>
				<align>left</align>
				<info>ListItem.Label</info>
			  </control>
			</focusedlayout>
		  </control>
		  
			  <control type="group">
				<posx>5r</posx>
				<posy>0</posy>
					<control type="scrollbar" id="1002">
					  <description>scroll bar indicator for lists</description>
					  <posx>0</posx>
					  <posy>0</posy>
					  <width>24</width>
					  <height>600</height>
					  <onleft>1001</onleft>
					  <onright>1003</onright>
					  <texturesliderbackground border="10,14,10,14">ScrollBarV.png</texturesliderbackground>
					  <texturesliderbar  border="10,14,10,14">ScrollBarV_bar.png</texturesliderbar>
					  <texturesliderbarfocus  border="10,14,10,14">ScrollBarV_bar_focus.png</texturesliderbarfocus>
					  <textureslidernib>-</textureslidernib>
					  <textureslidernibfocus>-</textureslidernibfocus>
					  <orientation>vertical</orientation>
					  <showonepage>true</showonepage>
					  <visible>Control.IsVisible(1001)</visible>
					</control>
			  </control>
		  
	  </control>
	  <control type="group">
	  	<posx>630</posx>
		<posy>100</posy>
			<width>700</width>
			<height>650</height>

		<control type="image">
			<posx>-20</posx>
			<posy>-20</posy>
			<width>660</width>
			<height>200</height>
			<texture border="10">ContentPanel.png</texture>
		</control>
		<control type="image">
			<posx>0</posx>
			<posy>0</posy>
			<width>160</width>
			<height>160</height>
			<texture>$INFO[Container(1001).ListItem.Icon]</texture>
		</control>
		
		<control type="label">
			<posx>350</posx>
			<posy>0</posy>
			<width>360</width>
			<height>30</height>
			<align>right</align>
			<textcolor>blue</textcolor>       
			<label>SCRIPT204</label>
		</control>
        	<control type="label">
			<posx>360</posx>
			<posy>0</posy>
			<width>360</width>
			<height>30</height>
			<align>left</align>
			<textcolor>white</textcolor>       
			<label>[UPPERCASE][B]$INFO[Container(1001).ListItem.Label][/B][/UPPERCASE]</label>
		</control>
        	
		<control type="label">
			<posx>350</posx>
			<posy>30</posy>
			<width>360</width>
			<height>30</height>
			<align>right</align>
			<textcolor>blue</textcolor>       
			<label>SCRIPT201</label>
		</control>
        	<control type="label">
			<posx>360</posx>
			<posy>30</posy>
			<width>360</width>
			<height>30</height>
			<align>left</align>
			<textcolor>white</textcolor>       
			<label>[B]$INFO[Container(1001).ListItem.Property(enabled)][/B]</label>
		</control>
        	
		<control type="button" id="1003">
			<posx>285</posx>
			<posy>70</posy>
			<width>150</width>
			<height>40</height>
			<align>center</align>
			<onup>1000</onup>
			<onleft>1002</onleft>
			<ondown>2002</ondown>
			<texturenofocus>button-nofocus.png</texturenofocus>
			<texturefocus>button-focus.png</texturefocus>
			<label>SCRIPT202</label>
		</control>

		<control type="image">
			<posx>-20</posx>
			<posy>240</posy>
			<width>660</width>
			<height>370</height>
			<texture border="10">ContentPanel.png</texture>
		</control>

        	<control type="label">
			<description>textarea</description>
			<posx>0</posx>
			<posy>250</posy>
			<width>360</width>
			<height>30</height>
			<align>left</align>
			<textcolor>blue</textcolor>       
			<label>SCRIPT200</label>
		</control>
		<control type="textbox" id="2001">
			<posx>30</posx>
			<posy>290</posy>
			<width>580</width>
			<height>300</height>
			<pagecontrol>2002</pagecontrol>
			<label>$INFO[Container(1001).ListItem.Property(terms)]</label>
		</control>
		<control type="scrollbar" id="2002">
			<description>scroll bar indicator for lists</description>
			<posx>610</posx>
			<posy>290</posy>
			<width>24</width>
			<height>300</height>
			<onleft>1002</onleft>
			<onup>1003</onup>
			<texturesliderbackground border="10,14,10,14">ScrollBarV.png</texturesliderbackground>
			<texturesliderbar  border="10,14,10,14">ScrollBarV_bar.png</texturesliderbar>
			<texturesliderbarfocus  border="10,14,10,14">ScrollBarV_bar_focus.png</texturesliderbarfocus>
			<textureslidernib>-</textureslidernib>
			<textureslidernibfocus>-</textureslidernibfocus>
			<orientation>vertical</orientation>
			<showonepage>true</showonepage>
			<visible>Control.IsVisible(2001)</visible>
		</control>


	  </control>
  </controls>
</window>
