<?xml version='1.0' encoding='utf-8'?>
<addon id="plugin.video.koukni.cz" name="koukni.cz" provider-name="Libor Zoubek" version="1.0.16">
  <requires>
    <import addon="xbmc.python" version="2.1.0" />
    <import addon="script.module.stream.resolver" version="1.6.13" />
  </requires>
  <extension library="default.py" point="xbmc.python.pluginsource" provides="video">
    <provides>video</provides>
  </extension>
  <extension point="xbmc.addon.metadata">
    <summary lang="en">koukni.cz</summary>
    <summary lang="cs">koukni.cz</summary>
    <description lang="en">Watch online HD content from koukni.cz</description>
    <description lang="cs">Sledujte online HD obsah ze servru koukni.cz</description>
    <platform>all</platform>
  </extension>
</addon>