<?xml version="1.0" encoding="UTF-8"?>
<addon id="repository.xbmc.czech"
       version="1.0"
       name="xbmc-czech-repo (github.com)"
       provider-name="lzoubek">
  <requires>
    <import addon="xbmc.addon" version="0.1"/>
  </requires>
  <extension point="xbmc.addon.repository"
              name="xbmc-czech-repo">
    <info compressed="false">https://raw.github.com/lzoubek/xbmc-czech-repo/master/addons.xml</info>
    <checksum>https://raw.github.com/lzoubek/xbmc-czech-repo/master/addons.xml.md5</checksum>
    <datadir zip="true">https://raw.github.com/lzoubek/xbmc-czech-repo/master/repo</datadir>
  </extension>
  <extension point="xbmc.addon.metadata">
    <summary>xbmc-czech-repo (github.com)</summary>
    <description>
    	FIXME  
    </description>
    <description lang="cs">
    	FIXME
    </description>
    <platform>all</platform>
  </extension>
</addon>
