﻿<?xml version="1.0" encoding="UTF-8" standalone="yes"?>
<addon id="plugin.video.kinotip.cz"
       name="kinotip.cz"
       version="1.0.0"
       provider-name="spiff">
  <requires>
    <import addon="xbmc.python" version="2.0"/>
  </requires>
  <extension point="xbmc.python.pluginsource"
             provides="video"
             library="default.py">
    <provides>video</provides>
  </extension>
  <extension point="xbmc.addon.metadata">
    <summary lang="en">Watch online series from kinotip.cz</summary>
    <summary lang="cs">kinotip.cz</summary>
    <description lang="en">FIXME</description>
    <description lang="cs">FIXME</description>
    <platform>all</platform>
  </extension>
</addon>
