<?xml version='1.0' encoding='utf-8'?>
<addon id="plugin.video.pohadkar.cz" name="Pohádkář.cz" provider-name="Libor Zoubek" version="1.1.2">
  <requires>
    <import addon="xbmc.python" version="2.1.0" />
    <import addon="script.module.stream.resolver" version="1.6.13" />
  </requires>
  <extension library="default.py" point="xbmc.python.pluginsource" provides="video">
    <provides>video</provides>
  </extension>
  <extension point="xbmc.addon.metadata">
    <summary lang="en">pohadkar.cz</summary>
    <summary lang="cs">pohadkar.cz</summary>
    <description lang="en">Watch online tales mostly in czech language on pohadkar.cz</description>
    <description lang="cs">Sledujte online pohádky ze servru pohádkář.cz. Ideální pro zabavení dětí.</description>
    <platform>all</platform>
  </extension>
</addon>