﻿<?xml version="1.0" encoding="UTF-8" standalone="yes"?>
<addon id="plugin.video.serialycz.cz"
       name="serialycz.cz"
       version="1.1.10"
       provider-name="Libor Zoubek">
  <requires>
    <import addon="xbmc.python" version="1.0"/>
    <import addon="script.module.stream.resolver" version="1.4.2" />
  </requires>
  <extension point="xbmc.python.pluginsource"
             provides="video"
             library="default.py">
    <provides>video</provides>
  </extension>
  <extension point="xbmc.addon.metadata">
    <summary lang="en">serialycz.cz</summary>
    <summary lang="cs">serialycz.cz</summary>
    <description lang="en">Watch online series from serialycz.cz</description>
    <description lang="cs">Sledujte online seriály ze servru serialycz.cz</description>
    <platform>all</platform>
  </extension>
</addon>
