<?xml version='1.0' encoding='utf-8'?>
<addon id="plugin.video.serialycz.cz" name="serialycz.cz" provider-name="Libor Zoubek" version="1.1.17">
  <requires>
    <import addon="xbmc.python" version="2.1.0" />
    <import addon="script.module.stream.resolver" version="1.6.13" />
  </requires>
  <extension library="default.py" point="xbmc.python.pluginsource" provides="video">
    <provides>video</provides>
  </extension>
  <extension point="xbmc.addon.metadata">
    <summary lang="en">serialycz.cz</summary>
    <summary lang="cs">serialycz.cz</summary>
    <description lang="en">Watch online series from serialycz.cz</description>
    <description lang="cs">Sledujte online seriály ze servru serialycz.cz</description>
    <platform>all</platform>
  </extension>
</addon>