<?xml version='1.0' encoding='utf-8'?>
<addon id="plugin.video.play-movie.eu" name="Play-Movie" provider-name="Ivo Brhel" version="1.0.3">
  <requires>
    <import addon="xbmc.python" version="2.1.0" />
    <import addon="script.module.stream.resolver" version="1.6.13" />
  </requires>
  <extension library="default.py" point="xbmc.python.pluginsource" provides="video">
    <provides>video</provides>
  </extension>
  <extension point="xbmc.addon.metadata">
    <summary lang="en">play-movie.eu</summary>
    <summary lang="cs">play-movie.eu</summary>
    <description lang="en">Watch online www.play-movie.eu</description>
    <description lang="cs">Sledujte online www.play-movie.eu</description>
    <platform>all</platform>
  </extension>
</addon>