﻿<?xml version="1.0" encoding="UTF-8" standalone="yes"?>
<addon id="plugin.video.kinotip.cz"
       name="kinotip.cz"
       version="0.3.4"
       provider-name="lzoubek">
  <requires>
    <import addon="xbmc.python" version="1.0"/>
    <import addon="script.module.stream.resolver" version="1.0.6"/>
    <import addon="script.module.simplejson" version="2.0.10" />
  </requires>
  <extension point="xbmc.python.pluginsource"
             provides="video"
             library="default.py">
    <provides>video</provides>
  </extension>
  <extension point="xbmc.addon.metadata">
    <summary lang="en">kinotip.cz</summary>
    <summary lang="cs">kinotip.cz</summary>
    <description lang="en">Watch online movies from kinotip.cz</description>
    <description lang="cs">Sledujte online filmy a seriály se servru kinotip.cz</description>
    <platform>all</platform>
  </extension>
</addon>
