<?xml version="1.0" encoding="UTF-8" standalone="yes"?>
<addon id="plugin.video.befun.cz"
       name="befun.cz"
       version="1.0.0"
       provider-name="Libor Zoubek">
  <requires>
    <import addon="xbmc.python" version="1.0"/>
    <import addon="script.module.stream.resolver" version="1.4.4" />
  </requires>
  <extension point="xbmc.python.pluginsource"
             provides="video"
             library="default.py">
    <provides>video</provides>
  </extension>
  <extension point="xbmc.addon.metadata">
    <summary lang="en">befun.cz</summary>
    <summary lang="cs">befun.cz</summary>
    <description lang="en">Watch online HD movies and series from befun.cz</description>
    <description lang="cs">Sledujte online HD filmy seriály se servru befun.cz</description>
    <platform>all</platform>
  </extension>
</addon>
