<?xml version="1.0" encoding="utf-8"?>
<addon id="plugin.video.mixer.cz" name="mixer.cz" provider-name="Maros Ondrasek" version="1.0.1">
  <requires>
    <import addon="xbmc.python" version="2.0"/>
    <import addon="script.module.stream.resolver" version="1.6.12"/>
  </requires>
  <extension library="default.py" point="xbmc.python.pluginsource" provides="video">
    <provides>video</provides>
  </extension>
  <extension point="xbmc.addon.metadata">
    <summary lang="en">mixer.cz</summary>
    <summary lang="cs">mixer.cz</summary>
    <summary lang="sk">mixer.cz</summary>
    <description lang="en">Watch music clips from mixer.cz</description>
    <description lang="cs">Sledujte hudobne klipy ze servru mixer.cz</description>
    <description lang="sk">Sledujte hudobne klipy zo serveru mixer.cz</description>
    <platform>all</platform>
  </extension>
</addon>
