<?xml version="1.0" encoding="UTF-8" standalone="yes"?>
<addon id="plugin.video.koukni.cz"
       name="koukni.cz"
       version="1.0.10"
       provider-name="Libor Zoubek">
  <requires>
    <import addon="xbmc.python" version="1.0"/>
    <import addon="script.module.stream.resolver" version="1.4.1" />
  </requires>
  <extension point="xbmc.python.pluginsource"
             provides="video"
             library="default.py">
    <provides>video</provides>
  </extension>
  <extension point="xbmc.addon.metadata">
    <summary lang="en">koukni.cz</summary>
    <summary lang="cs">koukni.cz</summary>
    <description lang="en">Watch online HD content from koukni.cz</description>
    <description lang="cs">Sledujte online HD obsah ze servru koukni.cz</description>
    <platform>all</platform>
  </extension>
</addon>
