<?xml version="1.0" encoding="UTF-8" standalone="yes"?>
<addon id="script.module.stream.resolver"
       name="stream resolver"
       version="1.0.0"
       provider-name="lzoubek">
  <requires>
    <import addon="xbmc.python" version="1.0"/>
  </requires>
  <extension point="xbmc.python.module"
             library="lib" />
  <extension point="xbmc.addon.metadata">
    <summary>xbmc-czech-repo plugins common python modules mainly for resolving stream URLs</summary>
    <description>Common python modules pack that is used by xbmc-czech-repo plugins</description>
    <license>GNU GPL</license>
    <platform>all</platform>
  </extension>
</addon>
