<?xml version="1.0" encoding="UTF-8" standalone="yes"?>
<addon id="plugin.video.petka.cz"
       name="Petka.cz"
       version="1.0.3"
       provider-name="Ivo Brhel">
  <requires>
    <import addon="xbmc.python" version="2.0" />
    <import addon="script.module.stream.resolver" version="1.5.3" />
  </requires>
  <extension point="xbmc.python.pluginsource"
             provides="video"
             library="default.py">
    <provides>video</provides>
  </extension>
  <extension point="xbmc.addon.metadata">
    <summary lang="en">petka.cz</summary>
    <summary lang="cs">petka.cz</summary>
    <description lang="en">Watch online www.petka.cz/porady</description>
    <description lang="cs">Sledujte online www.petka.cz/porady</description>
    <platform>all</platform>
  </extension>
</addon>
