<?xml version='1.0' encoding='utf-8'?>
<addon id="plugin.video.najfilmy.com" name="NajfilmySK" provider-name="Ivo Brhel" version="1.0.3">
  <requires>
    <import addon="xbmc.python" version="2.1.0" />
    <import addon="script.module.stream.resolver" version="1.6.13" />
  </requires>
  <extension library="default.py" point="xbmc.python.pluginsource" provides="video">
    <provides>video</provides>
  </extension>
  <extension point="xbmc.addon.metadata">
    <summary lang="en">naj-filmy.cz</summary>
    <summary lang="cs">naj-filmy.cz</summary>
    <description lang="en">Watch online www.naj-filmy.com</description>
    <description lang="cs">Sledujte online www.naj-filmy.com</description>
    <platform>all</platform>
    <broken>stranka zrusena</broken>
  </extension>
</addon>