<?xml version="1.0" encoding="UTF-8"?>
<addon id="repository.xbmc.czech"
       version="1.0.0"
       name="xbmc-czech-repo (github.com/lzoubek/xbmc-czech-repo)"
       provider-name="lzoubek">
  <requires>
    <import addon="xbmc.addon" version="0.1"/>
  </requires>
  <extension point="xbmc.addon.repository"
              name="xbmc-czech-repo">
    <info compressed="false">https://raw.github.com/lzoubek/xbmc-czech-repo/master/addons.xml</info>
    <checksum>https://raw.github.com/lzoubek/xbmc-czech-repo/master/addons.xml.md5</checksum>
    <datadir zip="true">https://raw.github.com/lzoubek/xbmc-czech-repo/master/repo</datadir>
  </extension>
  <extension point="xbmc.addon.metadata">
    <summary>xbmc-czech-repo (github.com/lzoubek/xbmc-czech-repo)</summary>
    <description>
    	This repository contains mostly video addons for czech users.

	Please send feedback, patches or fire any issues on https://github.com/lzoubek/xbmc-czech-repo
    </description>
    <description lang="cs">
    	Tento repozitář obsahuje video doplňky pro nás čechy a slováky.

	Máte-li jakékoliv poznámky, náměty, doplňky k začlenění nebo chcete nahlásit chybu, navštivte https://github.com/lzoubek/xbmc-czech-repo.
    </description>
    <platform>all</platform>
  </extension>
</addon>
