﻿<?xml version="1.0" encoding="UTF-8" standalone="yes"?>
<addon id="plugin.video.online-files"
       name="Soubory Online"
       version="1.0.2"
       provider-name="Libor Zoubek">
  <requires>
    <import addon="xbmc.python" version="1.0"/>
    <import addon="script.module.stream.resolver" version="1.3.3"/>
  </requires>
  <extension point="xbmc.python.pluginsource"
             provides="video"
             library="default.py">
    <provides>video</provides>
  </extension>
  <extension point="xbmc.addon.metadata">
    <summary lang="en">movie-library.cz</summary>
    <summary lang="cs">movie-library.cz</summary>
    <description lang="en">Get access to various czech filesharing services</description>
    <description lang="cs">Získejte přístup k různým file-sharingovým službám</description>
    <platform>all</platform>
  </extension>
</addon>
