<?xml version='1.0' encoding='utf-8'?>
<addon id="plugin.video.eserial.cz" name="eserial.cz" provider-name="Libor Zoubek" version="1.0.13">
  <requires>
    <import addon="xbmc.python" version="2.1.0" />
    <import addon="script.module.stream.resolver" version="1.6.13" />
  </requires>
  <extension library="default.py" point="xbmc.python.pluginsource" provides="video">
    <provides>video</provides>
  </extension>
  <extension point="xbmc.addon.metadata">
    <summary lang="en">eserial.cz</summary>
    <summary lang="cs">eserial.cz</summary>
    <description lang="en">Watch online shows from eserial.cz</description>
    <description lang="cs">Sledujte online seriály se servru eserial.cz</description>
    <platform>all</platform>
  </extension>
</addon>