<?xml version='1.0' encoding='utf-8'?>
<addon id="plugin.video.befun.cz" name="befun.cz" provider-name="Libor Zoubek" version="1.0.17">
  <requires>
    <import addon="xbmc.python" version="2.1.0" />
    <import addon="script.module.stream.resolver" version="1.6.20" />
  </requires>
  <extension library="default.py" point="xbmc.python.pluginsource" provides="video">
    <provides>video</provides>
  </extension>
  <extension point="xbmc.addon.metadata">
    <summary lang="en">befun.cz</summary>
    <summary lang="cs">befun.cz</summary>
    <description lang="en">Watch online HD movies and series from befun.cz</description>
    <description lang="cs">Sledujte online HD filmy seriály se servru befun.cz</description>
    <platform>all</platform>
  </extension>
</addon>